,Train,valid,Test
1,"[7, 10, 11, 14, 8, 34, 17, 31, 32, 37, 13, 38, 36, 23, 2, 42, 26, 18, 6, 5, 30, 35, 40, 3, 25, 9, 24, 12, 16, 44, 22, 48, 50, 45, 41, 43, 4, 20, 39]","[49, 19, 27, 21, 47, 29, 15, 33, 46, 28]",[1]
2,"[40, 39, 49, 7, 20, 44, 11, 15, 16, 25, 23, 3, 35, 29, 50, 13, 30, 2, 21, 12, 31, 32, 37, 24, 18, 9, 34, 28, 47, 27, 46, 41, 33, 45, 38, 4, 19, 26, 22]","[17, 42, 10, 48, 6, 43, 36, 8, 14, 5]",[1]
3,"[22, 8, 9, 30, 29, 37, 4, 23, 10, 39, 36, 13, 40, 46, 25, 42, 20, 49, 16, 5, 6, 17, 50, 43, 21, 3, 27, 41, 47, 15, 33, 28, 48, 14, 44, 19, 24, 12, 38]","[35, 11, 32, 26, 45, 34, 7, 2, 18, 31]",[1]
4,"[47, 36, 14, 33, 10, 7, 6, 19, 28, 35, 43, 32, 20, 44, 40, 5, 11, 49, 46, 45, 26, 21, 24, 50, 27, 16, 31, 9, 29, 8, 34, 17, 48, 15, 22, 42, 30, 18, 2]","[4, 39, 38, 25, 12, 37, 23, 41, 3, 13]",[1]
5,"[28, 23, 27, 14, 39, 46, 18, 4, 31, 34, 49, 33, 25, 11, 2, 43, 41, 38, 17, 3, 10, 12, 48, 7, 5, 47, 19, 8, 37, 45, 21, 13, 32, 35, 36, 26, 42, 6, 29, 15]","[50, 24, 44, 9, 20, 22, 30, 40, 16]",[1]
1,"[39, 22, 6, 9, 38, 16, 32, 13, 35, 25, 20, 23, 42, 14, 18, 36, 34, 50, 5, 26, 44, 45, 40, 24, 10, 8, 12, 7, 30, 41, 17, 31, 43, 37, 3, 48, 4, 1, 11]","[21, 27, 19, 15, 49, 46, 29, 28, 33, 47]",[2]
2,"[26, 20, 9, 32, 45, 34, 7, 35, 49, 29, 19, 46, 47, 1, 37, 15, 40, 31, 28, 18, 22, 24, 23, 38, 4, 44, 13, 11, 21, 50, 25, 3, 12, 33, 41, 30, 27, 39, 16]","[5, 42, 43, 8, 10, 48, 14, 17, 6, 36]",[2]
3,"[4, 38, 20, 27, 29, 6, 8, 50, 16, 44, 33, 25, 14, 40, 17, 36, 41, 24, 12, 42, 13, 22, 46, 47, 30, 21, 19, 3, 43, 15, 49, 39, 5, 10, 48, 28, 23, 37, 9]","[34, 1, 32, 35, 7, 31, 26, 11, 18, 45]",[2]
4,"[10, 14, 46, 27, 49, 24, 45, 5, 35, 18, 19, 30, 6, 48, 17, 8, 50, 40, 47, 43, 34, 11, 44, 33, 36, 32, 22, 21, 7, 1, 26, 29, 15, 28, 16, 31, 9, 42, 20]","[41, 38, 13, 25, 23, 3, 12, 37, 39, 4]",[2]
5,"[8, 6, 26, 35, 11, 41, 13, 47, 4, 18, 1, 12, 43, 15, 25, 17, 19, 14, 33, 29, 7, 27, 32, 45, 3, 31, 39, 34, 5, 10, 37, 28, 36, 48, 42, 23, 38, 21, 46, 49]","[9, 40, 30, 20, 16, 22, 24, 50, 44]",[2]
1,"[22, 1, 44, 37, 24, 20, 14, 5, 16, 34, 50, 45, 42, 38, 9, 36, 41, 32, 35, 25, 39, 7, 6, 26, 10, 31, 18, 43, 40, 30, 12, 4, 23, 2, 8, 17, 11, 48, 13]","[15, 33, 46, 19, 21, 29, 28, 49, 27, 47]",[3]
2,"[15, 23, 29, 20, 47, 32, 38, 4, 45, 19, 49, 46, 24, 11, 9, 37, 31, 33, 27, 25, 7, 12, 35, 1, 26, 28, 13, 16, 22, 30, 50, 40, 34, 39, 41, 21, 2, 44, 18]","[48, 6, 10, 5, 42, 43, 17, 14, 8, 36]",[3]
3,"[33, 21, 5, 49, 38, 47, 12, 4, 22, 42, 8, 17, 29, 16, 50, 27, 14, 39, 20, 24, 2, 23, 30, 46, 48, 41, 40, 13, 10, 15, 43, 9, 25, 19, 6, 37, 28, 36, 44]","[18, 45, 11, 35, 31, 32, 26, 7, 34, 1]",[3]
4,"[26, 10, 16, 22, 20, 7, 11, 44, 17, 48, 29, 42, 24, 5, 43, 19, 47, 6, 35, 27, 21, 8, 36, 46, 18, 30, 14, 31, 32, 45, 15, 40, 34, 50, 1, 28, 9, 49, 33]","[23, 25, 13, 41, 37, 12, 4, 38, 2, 39]",[3]
5,"[17, 15, 32, 36, 29, 13, 46, 19, 18, 37, 48, 23, 49, 4, 7, 41, 45, 27, 25, 47, 34, 8, 33, 11, 14, 2, 12, 43, 26, 21, 28, 35, 10, 5, 1, 39, 31, 38, 6, 42]","[20, 16, 40, 30, 44, 9, 24, 50, 22]",[3]
1,"[11, 32, 36, 8, 1, 26, 35, 9, 39, 5, 23, 41, 30, 34, 48, 6, 38, 50, 14, 20, 22, 24, 44, 7, 16, 3, 18, 13, 40, 42, 45, 17, 43, 12, 25, 31, 10, 37, 2]","[21, 19, 27, 47, 33, 15, 49, 28, 46, 29]",[4]
2,"[49, 27, 21, 20, 40, 24, 33, 47, 7, 25, 3, 30, 46, 9, 35, 28, 41, 13, 44, 23, 37, 11, 45, 39, 22, 15, 2, 29, 31, 19, 26, 1, 16, 38, 32, 12, 34, 18, 50]","[43, 8, 14, 36, 6, 48, 5, 17, 42, 10]",[4]
3,"[23, 33, 39, 27, 9, 42, 41, 15, 40, 49, 36, 46, 13, 16, 12, 6, 44, 19, 14, 21, 5, 24, 17, 43, 22, 20, 28, 47, 25, 50, 38, 29, 10, 48, 30, 37, 2, 8, 3]","[32, 18, 7, 26, 31, 35, 34, 45, 1, 11]",[4]
4,"[33, 46, 21, 9, 10, 40, 29, 11, 31, 27, 30, 24, 7, 32, 8, 14, 5, 28, 36, 49, 15, 22, 20, 26, 19, 1, 43, 47, 17, 42, 18, 44, 16, 35, 34, 50, 45, 6, 48]","[38, 39, 12, 23, 13, 3, 41, 25, 2, 37]",[4]
5,"[17, 25, 46, 18, 28, 14, 7, 1, 39, 32, 42, 5, 2, 47, 29, 34, 19, 10, 27, 8, 11, 45, 3, 48, 23, 37, 43, 26, 15, 41, 35, 36, 6, 12, 31, 21, 49, 13, 38, 33]","[40, 50, 20, 44, 24, 9, 16, 22, 30]",[4]
1,"[17, 41, 25, 11, 32, 40, 23, 10, 37, 6, 13, 50, 35, 48, 36, 44, 38, 12, 42, 26, 43, 34, 16, 31, 39, 14, 45, 7, 18, 4, 24, 20, 2, 1, 30, 9, 8, 3, 22]","[19, 15, 49, 47, 46, 28, 33, 21, 29, 27]",[5]
2,"[38, 33, 34, 3, 13, 35, 44, 49, 1, 37, 28, 29, 23, 12, 15, 21, 50, 39, 32, 27, 7, 18, 47, 2, 46, 24, 16, 19, 30, 41, 22, 9, 40, 11, 45, 26, 31, 20, 25]","[48, 43, 10, 8, 17, 14, 42, 4, 36, 6]",[5]
3,"[33, 42, 41, 43, 37, 4, 30, 20, 16, 48, 46, 10, 49, 3, 9, 2, 15, 40, 13, 12, 24, 39, 50, 29, 23, 19, 36, 8, 38, 27, 25, 44, 14, 17, 28, 22, 6, 47, 21]","[35, 31, 7, 45, 32, 18, 1, 26, 11, 34]",[5]
4,"[24, 34, 28, 47, 16, 49, 7, 15, 31, 26, 33, 30, 48, 50, 36, 10, 29, 11, 44, 17, 4, 43, 20, 1, 18, 8, 45, 42, 35, 27, 46, 32, 22, 19, 9, 14, 6, 21, 40]","[3, 41, 39, 23, 37, 25, 12, 38, 13, 2]",[5]
5,"[7, 11, 12, 42, 21, 35, 26, 39, 3, 4, 8, 34, 18, 10, 25, 27, 31, 47, 14, 49, 23, 32, 15, 19, 36, 2, 29, 13, 37, 1, 38, 33, 28, 41, 48, 17, 6, 43, 45, 46]","[16, 30, 22, 20, 44, 9, 24, 40, 50]",[5]
1,"[36, 1, 25, 39, 18, 20, 31, 8, 38, 3, 35, 41, 44, 48, 22, 5, 24, 37, 14, 45, 17, 43, 34, 2, 42, 12, 13, 9, 16, 4, 26, 50, 40, 10, 32, 11, 30, 23, 7]","[47, 33, 49, 28, 29, 27, 21, 19, 46, 15]",[6]
2,"[23, 37, 12, 31, 49, 34, 22, 3, 24, 19, 18, 2, 41, 40, 21, 20, 25, 13, 7, 29, 27, 47, 9, 44, 32, 39, 46, 16, 35, 50, 33, 28, 30, 1, 45, 15, 26, 11, 38]","[8, 5, 42, 36, 48, 43, 10, 14, 17, 4]",[6]
3,"[40, 38, 13, 20, 10, 2, 15, 49, 44, 33, 4, 16, 42, 50, 41, 47, 8, 36, 46, 37, 29, 23, 43, 25, 14, 3, 22, 21, 39, 48, 17, 5, 19, 24, 9, 12, 28, 30, 27]","[1, 18, 32, 45, 11, 35, 26, 7, 31, 34]",[6]
4,"[14, 15, 24, 18, 27, 22, 31, 33, 34, 10, 5, 4, 32, 28, 30, 21, 17, 40, 7, 26, 35, 46, 50, 20, 45, 19, 47, 43, 9, 16, 44, 48, 1, 11, 42, 8, 49, 36, 29]","[12, 2, 3, 38, 39, 25, 37, 13, 23, 41]",[6]
5,"[46, 32, 28, 47, 35, 27, 19, 26, 5, 15, 10, 37, 36, 33, 13, 34, 38, 41, 21, 29, 17, 48, 7, 2, 23, 4, 14, 1, 42, 43, 39, 45, 3, 18, 12, 11, 8, 25, 49, 31]","[20, 50, 16, 30, 9, 22, 24, 40, 44]",[6]
1,"[24, 3, 22, 1, 8, 48, 34, 13, 6, 39, 30, 2, 12, 20, 38, 35, 4, 50, 32, 42, 41, 31, 37, 11, 26, 10, 9, 36, 23, 25, 16, 18, 44, 45, 5, 14, 17, 40, 43]","[46, 21, 15, 49, 33, 19, 47, 29, 27, 28]",[7]
2,"[29, 46, 2, 30, 25, 26, 41, 37, 24, 11, 34, 31, 22, 39, 38, 1, 49, 40, 45, 18, 9, 33, 6, 32, 21, 47, 3, 20, 28, 13, 15, 16, 19, 27, 44, 35, 23, 50, 12]","[17, 43, 48, 5, 42, 36, 14, 8, 4, 10]",[7]
3,"[17, 43, 30, 4, 19, 27, 42, 13, 15, 24, 2, 47, 50, 38, 36, 16, 20, 40, 48, 10, 5, 37, 46, 23, 39, 14, 3, 8, 9, 33, 25, 12, 22, 28, 44, 21, 29, 49, 41]","[18, 32, 35, 6, 31, 1, 26, 11, 45, 34]",[7]
4,"[50, 24, 9, 22, 26, 6, 15, 18, 1, 20, 17, 28, 11, 48, 49, 31, 16, 45, 14, 43, 10, 36, 40, 27, 29, 5, 34, 8, 32, 44, 19, 30, 47, 42, 33, 35, 21, 4, 46]","[3, 39, 25, 2, 23, 13, 38, 37, 41, 12]",[7]
5,"[29, 1, 8, 28, 18, 4, 49, 38, 25, 43, 26, 13, 21, 17, 11, 46, 12, 45, 2, 35, 36, 19, 47, 41, 3, 34, 10, 48, 15, 14, 5, 27, 33, 6, 31, 32, 39, 42, 37, 23]","[9, 22, 50, 44, 16, 20, 24, 30, 40]",[7]
1,"[41, 17, 14, 9, 23, 20, 37, 6, 34, 30, 32, 26, 50, 22, 48, 43, 38, 1, 12, 3, 44, 2, 31, 42, 36, 35, 39, 18, 40, 10, 16, 5, 11, 24, 4, 25, 13, 7, 45]","[47, 19, 28, 21, 49, 29, 15, 46, 27, 33]",[8]
2,"[47, 19, 37, 11, 20, 18, 46, 39, 34, 33, 2, 41, 15, 13, 1, 30, 25, 32, 38, 6, 26, 29, 27, 24, 50, 23, 35, 9, 28, 44, 22, 49, 21, 16, 3, 40, 45, 12, 31]","[43, 10, 7, 4, 5, 48, 42, 36, 14, 17]",[8]
3,"[42, 48, 27, 30, 25, 23, 50, 43, 33, 29, 41, 12, 40, 10, 22, 39, 38, 17, 13, 46, 4, 20, 49, 2, 28, 47, 24, 3, 16, 15, 19, 5, 21, 9, 44, 37, 7, 36, 14]","[11, 18, 1, 45, 35, 26, 31, 32, 6, 34]",[8]
4,"[33, 32, 20, 31, 44, 29, 5, 17, 6, 45, 30, 22, 26, 48, 19, 11, 46, 50, 4, 1, 24, 15, 18, 28, 10, 9, 27, 21, 43, 16, 49, 47, 7, 34, 35, 14, 40, 36, 42]","[23, 2, 41, 37, 13, 12, 3, 25, 39, 38]",[8]
5,"[33, 39, 42, 26, 31, 10, 47, 48, 5, 36, 38, 1, 18, 49, 34, 15, 32, 21, 7, 37, 23, 14, 2, 35, 17, 29, 41, 43, 19, 25, 13, 45, 28, 6, 46, 4, 12, 11, 27, 3]","[40, 30, 22, 24, 9, 44, 20, 16, 50]",[8]
1,"[14, 50, 42, 26, 43, 17, 38, 22, 36, 4, 44, 23, 7, 20, 8, 35, 30, 40, 39, 2, 1, 31, 13, 37, 12, 32, 24, 3, 6, 11, 5, 45, 16, 48, 25, 41, 10, 34, 18]","[28, 46, 21, 15, 29, 19, 27, 33, 47, 49]",[9]
2,"[19, 41, 25, 22, 8, 24, 28, 32, 46, 27, 38, 45, 15, 33, 49, 34, 2, 21, 39, 37, 40, 31, 20, 35, 50, 29, 11, 18, 47, 1, 13, 6, 16, 3, 26, 30, 23, 44, 12]","[48, 14, 5, 7, 4, 10, 17, 43, 36, 42]",[9]
3,"[23, 19, 16, 42, 7, 41, 21, 2, 3, 39, 38, 40, 44, 22, 8, 12, 30, 50, 14, 46, 49, 20, 43, 48, 36, 24, 37, 4, 28, 25, 5, 33, 47, 15, 27, 29, 13, 17, 10]","[1, 35, 32, 34, 6, 11, 18, 31, 26, 45]",[9]
4,"[22, 14, 43, 15, 24, 32, 7, 10, 4, 29, 40, 44, 30, 49, 18, 31, 11, 33, 17, 27, 36, 47, 19, 35, 20, 48, 50, 26, 5, 8, 45, 6, 21, 46, 1, 34, 16, 28, 42]","[23, 3, 39, 41, 12, 25, 37, 13, 2, 38]",[9]
5,"[10, 7, 27, 15, 2, 35, 48, 32, 6, 45, 5, 13, 42, 28, 39, 17, 46, 36, 19, 4, 34, 3, 49, 14, 33, 21, 1, 25, 23, 18, 47, 26, 12, 11, 29, 41, 37, 31, 38, 43]","[24, 20, 22, 50, 30, 8, 16, 44, 40]",[9]
1,"[38, 5, 30, 3, 8, 41, 37, 17, 13, 23, 7, 2, 16, 32, 44, 35, 42, 34, 45, 20, 43, 31, 14, 40, 50, 25, 1, 24, 12, 11, 48, 36, 6, 26, 18, 4, 22, 9, 39]","[29, 19, 21, 27, 49, 28, 33, 47, 46, 15]",[10]
2,"[46, 29, 31, 33, 6, 47, 15, 3, 32, 12, 2, 30, 41, 27, 39, 45, 8, 11, 20, 50, 13, 23, 18, 37, 25, 34, 24, 22, 28, 35, 19, 44, 26, 1, 40, 38, 21, 49, 16]","[48, 43, 42, 4, 9, 5, 36, 7, 14, 17]",[10]
3,"[19, 30, 43, 16, 7, 47, 20, 13, 28, 3, 29, 17, 2, 22, 46, 39, 15, 38, 5, 48, 24, 25, 49, 23, 4, 12, 42, 40, 21, 44, 41, 27, 9, 33, 36, 14, 50, 8, 37]","[6, 11, 32, 45, 35, 1, 18, 26, 31, 34]",[10]
4,"[9, 22, 20, 19, 35, 29, 21, 7, 48, 43, 42, 44, 50, 14, 36, 31, 47, 17, 8, 5, 18, 27, 40, 33, 46, 45, 24, 30, 11, 49, 15, 26, 28, 6, 34, 1, 16, 32, 4]","[3, 38, 12, 23, 39, 25, 37, 41, 13, 2]",[10]
5,"[19, 28, 15, 27, 18, 14, 3, 2, 35, 26, 25, 12, 39, 48, 21, 38, 5, 47, 34, 42, 36, 7, 6, 1, 13, 49, 17, 43, 31, 23, 45, 4, 33, 9, 32, 46, 11, 37, 41, 29]","[50, 24, 40, 22, 8, 44, 30, 16, 20]",[10]
1,"[17, 41, 9, 1, 37, 7, 23, 20, 3, 14, 18, 50, 35, 43, 48, 38, 10, 42, 32, 25, 44, 31, 8, 13, 4, 22, 39, 5, 16, 24, 26, 6, 30, 2, 45, 40, 12, 36, 34]","[21, 28, 46, 33, 19, 49, 47, 27, 29, 15]",[11]
2,"[34, 31, 22, 20, 41, 6, 28, 45, 35, 24, 46, 12, 26, 27, 47, 32, 25, 29, 18, 37, 19, 39, 16, 8, 38, 30, 40, 2, 10, 50, 15, 49, 33, 44, 21, 1, 23, 3, 13]","[48, 9, 5, 43, 42, 4, 36, 14, 7, 17]",[11]
3,"[30, 48, 14, 16, 28, 5, 21, 2, 38, 25, 40, 37, 4, 8, 9, 42, 7, 47, 29, 41, 3, 20, 22, 15, 39, 33, 49, 12, 23, 36, 50, 13, 43, 27, 19, 44, 24, 17, 46]","[1, 34, 45, 6, 35, 10, 18, 31, 26, 32]",[11]
4,"[44, 15, 32, 5, 6, 34, 36, 29, 19, 14, 21, 10, 40, 27, 42, 45, 17, 22, 7, 9, 26, 33, 46, 1, 47, 48, 49, 16, 4, 8, 35, 30, 18, 43, 31, 20, 50, 28, 24]","[23, 13, 41, 3, 38, 12, 39, 37, 25, 2]",[11]
5,"[2, 5, 45, 43, 36, 31, 35, 7, 1, 19, 3, 49, 48, 37, 4, 27, 34, 18, 38, 33, 23, 46, 17, 14, 12, 39, 21, 29, 25, 15, 10, 42, 9, 6, 32, 41, 13, 28, 26, 47]","[50, 22, 44, 8, 20, 16, 30, 40, 24]",[11]
1,"[43, 8, 3, 6, 42, 37, 5, 17, 41, 48, 4, 40, 50, 22, 45, 35, 44, 23, 34, 14, 39, 38, 1, 9, 30, 25, 20, 32, 2, 10, 31, 36, 16, 11, 24, 26, 7, 13, 18]","[49, 19, 15, 29, 46, 33, 27, 28, 21, 47]",[12]
2,"[3, 19, 29, 10, 46, 11, 28, 38, 6, 21, 2, 13, 39, 49, 40, 18, 37, 32, 35, 27, 47, 20, 50, 16, 45, 24, 26, 34, 44, 30, 33, 23, 1, 25, 8, 31, 41, 22, 15]","[5, 17, 9, 36, 48, 7, 43, 4, 42, 14]",[12]
3,"[40, 48, 33, 3, 49, 38, 9, 30, 44, 37, 2, 7, 5, 29, 43, 27, 41, 28, 23, 25, 50, 11, 19, 14, 22, 13, 17, 39, 21, 15, 4, 16, 20, 36, 8, 47, 42, 24, 46]","[1, 34, 26, 31, 6, 18, 35, 45, 32, 10]",[12]
4,"[28, 24, 50, 8, 16, 43, 46, 21, 35, 48, 32, 40, 20, 42, 4, 6, 5, 7, 15, 1, 29, 33, 30, 22, 45, 36, 17, 34, 18, 47, 14, 9, 10, 27, 19, 49, 31, 44, 26]","[25, 3, 39, 11, 23, 37, 41, 2, 38, 13]",[12]
5,"[29, 14, 21, 17, 37, 32, 4, 25, 48, 2, 1, 42, 33, 43, 26, 6, 13, 45, 9, 38, 15, 19, 39, 27, 35, 7, 36, 49, 46, 23, 10, 18, 34, 28, 47, 5, 31, 3, 41, 11]","[44, 22, 40, 8, 30, 24, 16, 20, 50]",[12]
1,"[37, 36, 18, 45, 31, 11, 1, 9, 42, 22, 43, 44, 20, 24, 34, 50, 16, 32, 2, 10, 41, 38, 48, 7, 4, 3, 26, 14, 5, 35, 30, 12, 40, 8, 25, 17, 23, 6, 39]","[21, 33, 27, 28, 19, 49, 29, 46, 15, 47]",[13]
2,"[1, 28, 29, 11, 35, 6, 34, 45, 15, 19, 32, 30, 47, 49, 3, 38, 33, 21, 39, 2, 24, 10, 23, 44, 37, 20, 25, 50, 12, 16, 18, 46, 8, 26, 27, 22, 31, 41, 40]","[14, 5, 9, 48, 36, 7, 4, 42, 17, 43]",[13]
3,"[15, 16, 28, 20, 47, 11, 27, 4, 3, 9, 38, 12, 41, 8, 25, 44, 5, 19, 7, 42, 48, 49, 46, 39, 33, 22, 40, 36, 24, 37, 23, 30, 29, 2, 14, 43, 17, 50, 21]","[1, 10, 18, 34, 35, 31, 6, 32, 26, 45]",[13]
4,"[22, 27, 29, 28, 44, 21, 50, 8, 34, 18, 20, 19, 47, 7, 10, 46, 42, 15, 33, 48, 32, 30, 49, 6, 24, 9, 43, 31, 40, 36, 1, 35, 5, 45, 14, 4, 17, 26, 16]","[39, 41, 25, 3, 38, 37, 2, 12, 23, 11]",[13]
5,"[14, 1, 7, 47, 38, 35, 42, 37, 39, 3, 12, 5, 31, 43, 25, 4, 41, 45, 29, 19, 46, 18, 28, 17, 6, 36, 23, 2, 15, 49, 10, 48, 27, 26, 9, 21, 32, 11, 33, 34]","[20, 50, 24, 22, 8, 16, 30, 40, 44]",[13]
1,"[23, 40, 34, 13, 12, 17, 24, 43, 9, 25, 44, 7, 50, 30, 8, 16, 10, 4, 48, 6, 37, 31, 41, 18, 20, 11, 26, 2, 36, 3, 38, 32, 1, 39, 45, 42, 35, 22, 5]","[49, 27, 28, 15, 29, 46, 21, 47, 19, 33]",[14]
2,"[33, 34, 1, 35, 20, 11, 47, 3, 10, 28, 15, 16, 8, 44, 27, 29, 32, 25, 23, 30, 2, 12, 24, 40, 38, 6, 41, 37, 21, 18, 26, 39, 45, 49, 31, 19, 50, 22, 46]","[17, 36, 13, 42, 4, 9, 7, 43, 48, 5]",[14]
3,"[47, 44, 40, 8, 17, 36, 2, 49, 19, 37, 12, 20, 4, 48, 43, 27, 29, 5, 42, 9, 13, 16, 41, 46, 23, 33, 30, 11, 21, 15, 22, 24, 39, 28, 7, 38, 3, 50, 25]","[18, 31, 34, 45, 10, 1, 26, 32, 35, 6]",[14]
4,"[32, 48, 19, 27, 17, 44, 13, 30, 34, 45, 33, 29, 35, 4, 50, 31, 7, 47, 1, 26, 15, 5, 20, 49, 9, 6, 40, 21, 36, 22, 8, 43, 42, 28, 16, 46, 18, 10, 24]","[12, 23, 3, 25, 38, 2, 39, 11, 37, 41]",[14]
5,"[34, 15, 32, 38, 42, 46, 39, 27, 25, 43, 13, 9, 12, 1, 21, 29, 6, 2, 4, 49, 47, 3, 23, 36, 10, 7, 26, 35, 31, 28, 18, 37, 45, 41, 17, 5, 11, 48, 33, 19]","[44, 16, 20, 30, 24, 22, 50, 40, 8]",[14]
1,"[24, 2, 41, 31, 43, 32, 20, 38, 26, 45, 34, 3, 1, 44, 39, 13, 50, 40, 18, 36, 12, 5, 8, 6, 7, 48, 4, 11, 30, 22, 37, 23, 17, 9, 25, 10, 16, 35, 42]","[49, 47, 14, 33, 19, 21, 27, 46, 29, 28]",[15]
2,"[26, 8, 45, 34, 23, 19, 10, 24, 28, 47, 40, 32, 22, 14, 21, 33, 38, 18, 2, 41, 6, 27, 49, 50, 39, 44, 46, 12, 30, 16, 3, 29, 20, 25, 11, 1, 31, 35, 37]","[42, 4, 36, 7, 5, 13, 9, 43, 17, 48]",[15]
3,"[36, 44, 49, 38, 30, 3, 42, 43, 13, 50, 11, 33, 2, 8, 22, 48, 27, 17, 7, 40, 41, 47, 14, 4, 12, 21, 25, 5, 39, 28, 37, 29, 24, 9, 16, 23, 20, 46, 19]","[31, 35, 26, 34, 32, 6, 45, 10, 1, 18]",[15]
4,"[1, 10, 21, 27, 4, 36, 31, 19, 47, 44, 14, 28, 46, 22, 42, 18, 24, 20, 7, 43, 45, 5, 40, 35, 49, 34, 26, 29, 9, 30, 16, 48, 33, 8, 32, 6, 50, 13, 17]","[23, 41, 12, 38, 2, 37, 25, 11, 39, 3]",[15]
5,"[18, 5, 9, 11, 21, 6, 7, 1, 37, 31, 41, 38, 45, 4, 2, 34, 12, 19, 48, 32, 10, 49, 23, 42, 14, 3, 29, 39, 28, 33, 46, 47, 27, 13, 26, 25, 35, 17, 36, 43]","[40, 16, 22, 30, 8, 24, 44, 50, 20]",[15]
1,"[7, 1, 9, 8, 37, 42, 31, 38, 36, 30, 50, 18, 13, 22, 26, 44, 20, 3, 23, 40, 4, 15, 5, 45, 41, 25, 12, 24, 34, 32, 17, 35, 2, 39, 43, 48, 10, 11, 6]","[21, 46, 49, 14, 27, 19, 33, 29, 28, 47]",[16]
2,"[26, 40, 15, 46, 6, 47, 8, 50, 14, 18, 24, 34, 23, 10, 1, 30, 28, 21, 25, 44, 12, 29, 38, 45, 20, 39, 37, 3, 35, 31, 2, 33, 41, 27, 32, 11, 22, 49, 19]","[42, 48, 43, 36, 9, 4, 7, 13, 17, 5]",[16]
3,"[41, 22, 11, 5, 47, 29, 4, 40, 25, 42, 33, 30, 21, 38, 28, 23, 12, 20, 39, 13, 46, 24, 50, 43, 48, 8, 3, 7, 19, 9, 17, 27, 2, 49, 15, 37, 44, 36, 14]","[34, 1, 45, 31, 26, 18, 32, 6, 35, 10]",[16]
4,"[31, 27, 35, 44, 30, 13, 34, 21, 4, 7, 42, 19, 43, 17, 8, 40, 26, 28, 50, 5, 33, 46, 6, 14, 45, 24, 32, 29, 18, 1, 10, 49, 9, 48, 47, 20, 36, 22, 15]","[25, 11, 3, 39, 2, 37, 38, 12, 41, 23]",[16]
5,"[23, 32, 5, 49, 12, 35, 42, 11, 25, 1, 41, 45, 14, 18, 17, 46, 19, 21, 6, 37, 2, 4, 43, 48, 13, 10, 9, 7, 38, 47, 39, 36, 3, 26, 27, 34, 31, 33, 28, 29]","[30, 8, 15, 20, 44, 40, 24, 50, 22]",[16]
1,"[11, 13, 15, 25, 44, 50, 9, 10, 34, 36, 1, 40, 31, 43, 26, 12, 20, 23, 39, 45, 30, 37, 32, 2, 35, 42, 5, 18, 41, 7, 48, 22, 3, 8, 38, 16, 24, 6, 4]","[28, 46, 33, 21, 14, 29, 19, 49, 27, 47]",[17]
2,"[20, 46, 10, 39, 28, 18, 29, 24, 8, 21, 47, 49, 38, 30, 12, 37, 1, 40, 35, 50, 44, 22, 25, 27, 19, 15, 3, 41, 45, 6, 14, 32, 2, 23, 31, 26, 33, 11, 34]","[43, 16, 9, 4, 36, 5, 42, 7, 13, 48]",[17]
3,"[48, 25, 9, 27, 5, 29, 15, 38, 36, 24, 21, 30, 2, 7, 12, 33, 8, 22, 13, 3, 19, 20, 14, 4, 40, 42, 43, 37, 23, 11, 28, 47, 41, 16, 50, 39, 46, 44, 49]","[10, 31, 34, 32, 18, 26, 35, 6, 45, 1]",[17]
4,"[34, 7, 20, 49, 47, 30, 21, 13, 36, 1, 16, 8, 35, 4, 22, 28, 9, 42, 40, 14, 27, 18, 50, 31, 5, 43, 10, 45, 19, 15, 33, 48, 29, 24, 26, 32, 46, 44, 6]","[37, 39, 2, 3, 12, 38, 11, 25, 23, 41]",[17]
5,"[3, 38, 21, 48, 47, 7, 31, 33, 34, 19, 37, 11, 23, 13, 45, 14, 32, 41, 1, 49, 18, 2, 35, 16, 9, 29, 25, 42, 39, 28, 27, 36, 4, 6, 26, 12, 46, 5, 43, 10]","[30, 24, 40, 8, 15, 22, 50, 44, 20]",[17]
1,"[10, 25, 34, 8, 40, 23, 36, 3, 16, 15, 50, 7, 12, 42, 31, 11, 39, 37, 48, 35, 38, 22, 44, 4, 26, 41, 30, 13, 17, 32, 43, 2, 24, 1, 20, 5, 6, 45, 9]","[49, 19, 27, 46, 29, 33, 47, 14, 21, 28]",[18]
2,"[25, 26, 3, 39, 14, 8, 1, 46, 32, 27, 20, 21, 33, 2, 50, 29, 49, 24, 28, 10, 19, 31, 30, 41, 35, 11, 22, 34, 15, 23, 40, 6, 17, 45, 44, 12, 37, 47, 38]","[36, 4, 48, 5, 16, 13, 9, 43, 42, 7]",[18]
3,"[24, 37, 25, 41, 8, 30, 48, 23, 29, 21, 19, 14, 22, 49, 15, 11, 16, 13, 2, 46, 20, 47, 7, 4, 5, 50, 40, 3, 36, 28, 38, 33, 27, 43, 9, 39, 12, 42, 44]","[45, 1, 32, 6, 31, 34, 26, 17, 10, 35]",[18]
4,"[40, 24, 16, 30, 48, 46, 36, 22, 17, 33, 34, 15, 32, 8, 27, 26, 31, 20, 44, 21, 50, 4, 13, 7, 19, 43, 28, 47, 35, 6, 5, 49, 10, 29, 9, 14, 45, 1, 42]","[12, 2, 3, 11, 39, 41, 25, 23, 38, 37]",[18]
5,"[37, 42, 25, 1, 5, 29, 28, 35, 13, 3, 23, 49, 32, 33, 16, 27, 39, 9, 14, 7, 31, 26, 34, 10, 36, 17, 38, 47, 12, 41, 19, 6, 11, 43, 48, 2, 21, 4, 46, 45]","[40, 20, 24, 44, 30, 50, 22, 15, 8]",[18]
1,"[39, 7, 16, 15, 34, 12, 35, 48, 4, 37, 50, 22, 1, 2, 3, 23, 6, 11, 41, 8, 26, 17, 40, 38, 24, 25, 20, 5, 10, 30, 44, 36, 45, 31, 43, 32, 9, 42, 13]","[18, 21, 47, 33, 14, 28, 49, 29, 46, 27]",[19]
2,"[18, 33, 2, 14, 37, 26, 41, 34, 27, 12, 8, 10, 31, 20, 30, 49, 35, 25, 21, 24, 45, 39, 46, 15, 44, 32, 29, 22, 47, 40, 1, 50, 28, 11, 17, 6, 38, 23, 3]","[16, 42, 9, 13, 48, 7, 4, 5, 43, 36]",[19]
3,"[33, 12, 11, 28, 25, 46, 37, 18, 44, 27, 15, 43, 4, 29, 21, 3, 40, 48, 38, 36, 42, 2, 7, 39, 8, 41, 49, 24, 23, 50, 22, 47, 16, 14, 5, 20, 13, 30, 9]","[34, 6, 26, 10, 45, 17, 32, 1, 35, 31]",[19]
4,"[32, 7, 9, 4, 10, 22, 43, 33, 27, 35, 21, 14, 30, 34, 36, 20, 24, 26, 29, 5, 48, 18, 40, 49, 17, 15, 46, 31, 6, 42, 28, 13, 1, 50, 47, 45, 8, 44, 16]","[3, 11, 39, 23, 41, 2, 25, 12, 37, 38]",[19]
5,"[3, 26, 45, 23, 11, 4, 31, 34, 13, 29, 9, 49, 43, 37, 46, 1, 14, 7, 48, 2, 33, 41, 27, 25, 35, 47, 16, 39, 6, 18, 10, 32, 21, 12, 36, 38, 5, 17, 42, 28]","[44, 22, 50, 40, 24, 8, 20, 30, 15]",[19]
1,"[30, 17, 11, 2, 8, 5, 1, 22, 38, 48, 6, 43, 26, 25, 37, 44, 9, 16, 39, 4, 23, 34, 13, 50, 42, 24, 12, 40, 36, 45, 35, 19, 41, 31, 7, 10, 3, 15, 32]","[27, 18, 29, 46, 49, 21, 47, 14, 33, 28]",[20]
2,"[11, 46, 30, 23, 15, 44, 12, 40, 6, 1, 29, 18, 37, 49, 17, 35, 22, 3, 28, 31, 26, 14, 45, 50, 34, 38, 33, 2, 10, 27, 24, 39, 25, 8, 32, 21, 19, 41, 47]","[36, 5, 7, 43, 16, 9, 48, 42, 13, 4]",[20]
3,"[9, 11, 28, 2, 5, 3, 33, 14, 15, 16, 21, 38, 22, 37, 41, 4, 39, 12, 27, 7, 46, 24, 30, 23, 19, 8, 25, 36, 47, 48, 18, 44, 49, 29, 43, 40, 42, 50, 13]","[6, 45, 31, 34, 26, 32, 1, 10, 35, 17]",[20]
4,"[47, 28, 36, 9, 6, 19, 43, 46, 4, 30, 33, 1, 13, 21, 16, 8, 35, 24, 10, 22, 50, 27, 17, 40, 15, 18, 44, 49, 14, 32, 5, 7, 34, 26, 45, 42, 29, 31, 48]","[25, 23, 38, 11, 41, 12, 3, 2, 37, 39]",[20]
5,"[33, 18, 10, 38, 16, 43, 7, 34, 48, 49, 14, 42, 12, 4, 6, 23, 37, 41, 46, 1, 45, 26, 28, 25, 5, 17, 27, 36, 3, 35, 13, 9, 21, 29, 2, 32, 11, 39, 31, 47]","[50, 15, 24, 40, 8, 30, 19, 44, 22]",[20]
1,"[31, 35, 6, 38, 36, 16, 32, 17, 50, 34, 10, 37, 9, 15, 13, 25, 23, 7, 45, 11, 30, 3, 2, 8, 19, 4, 40, 24, 22, 12, 26, 43, 41, 39, 48, 42, 5, 1, 44]","[18, 20, 14, 27, 33, 49, 28, 46, 29, 47]",[21]
2,"[6, 15, 1, 27, 26, 40, 39, 44, 18, 25, 23, 46, 38, 8, 28, 33, 11, 32, 17, 31, 30, 10, 14, 19, 3, 29, 35, 47, 34, 22, 12, 24, 2, 37, 50, 20, 49, 41, 45]","[42, 43, 16, 5, 36, 13, 9, 7, 48, 4]",[21]
3,"[18, 48, 47, 49, 43, 15, 19, 30, 33, 3, 42, 41, 39, 23, 11, 25, 16, 29, 20, 22, 7, 8, 12, 14, 37, 13, 38, 24, 27, 46, 50, 2, 28, 40, 9, 44, 4, 36, 5]","[32, 6, 35, 1, 17, 26, 45, 34, 10, 31]",[21]
4,"[4, 29, 48, 30, 16, 1, 9, 34, 45, 26, 44, 14, 20, 5, 43, 8, 50, 13, 24, 15, 6, 35, 17, 33, 19, 10, 49, 36, 27, 31, 18, 32, 47, 22, 42, 28, 46, 7, 40]","[38, 37, 3, 2, 23, 25, 41, 11, 12, 39]",[21]
5,"[34, 9, 17, 48, 2, 27, 35, 5, 4, 1, 7, 14, 11, 37, 10, 6, 45, 46, 32, 39, 31, 47, 20, 43, 23, 42, 16, 41, 29, 38, 28, 33, 3, 18, 26, 12, 36, 25, 49, 13]","[40, 15, 8, 30, 24, 22, 50, 44, 19]",[21]
1,"[48, 26, 35, 6, 10, 15, 5, 42, 13, 30, 3, 24, 19, 44, 32, 39, 4, 31, 12, 50, 38, 7, 36, 37, 8, 16, 9, 34, 23, 40, 41, 45, 21, 43, 11, 2, 1, 17, 25]","[33, 28, 47, 18, 20, 27, 49, 29, 46, 14]",[22]
2,"[28, 1, 15, 26, 12, 11, 45, 17, 14, 3, 21, 31, 30, 23, 20, 37, 40, 39, 44, 2, 10, 25, 41, 8, 6, 18, 19, 50, 47, 33, 27, 49, 34, 35, 24, 46, 29, 32, 38]","[7, 43, 9, 4, 48, 16, 36, 5, 13, 42]",[22]
3,"[20, 2, 12, 44, 14, 47, 16, 49, 50, 46, 42, 7, 29, 13, 39, 23, 21, 38, 4, 18, 11, 3, 24, 41, 5, 36, 27, 43, 19, 33, 15, 25, 28, 40, 9, 8, 37, 30, 48]","[26, 31, 10, 17, 34, 1, 6, 45, 35, 32]",[22]
4,"[5, 27, 50, 44, 46, 33, 31, 26, 18, 24, 43, 34, 30, 20, 15, 16, 28, 6, 14, 8, 19, 10, 49, 7, 13, 48, 29, 9, 42, 21, 1, 4, 17, 36, 45, 47, 32, 40, 35]","[12, 2, 38, 25, 23, 11, 39, 37, 3, 41]",[22]
5,"[9, 23, 29, 7, 31, 26, 32, 3, 6, 4, 11, 37, 43, 42, 45, 16, 13, 41, 18, 20, 27, 14, 48, 47, 35, 28, 39, 1, 33, 46, 17, 49, 38, 12, 25, 5, 36, 34, 2, 10]","[15, 50, 44, 8, 21, 24, 40, 30, 19]",[22]
1,"[40, 6, 13, 2, 10, 15, 1, 3, 30, 22, 50, 43, 36, 12, 24, 34, 48, 17, 4, 38, 42, 9, 39, 35, 19, 41, 26, 5, 45, 21, 16, 8, 37, 25, 44, 32, 7, 11, 31]","[27, 29, 18, 49, 14, 28, 20, 47, 33, 46]",[23]
2,"[50, 41, 32, 17, 10, 27, 6, 25, 24, 38, 40, 44, 19, 15, 11, 39, 1, 18, 49, 31, 30, 37, 12, 8, 29, 28, 46, 22, 20, 47, 2, 14, 3, 34, 33, 45, 35, 21, 26]","[43, 9, 5, 36, 4, 13, 48, 16, 7, 42]",[23]
3,"[14, 20, 4, 42, 21, 39, 22, 15, 30, 2, 44, 40, 13, 29, 43, 48, 7, 18, 50, 12, 37, 46, 28, 11, 8, 27, 25, 33, 24, 47, 19, 9, 41, 49, 38, 36, 3, 16, 5]","[31, 17, 10, 45, 26, 34, 35, 32, 6, 1]",[23]
4,"[17, 16, 7, 26, 47, 31, 20, 48, 19, 8, 42, 36, 1, 32, 27, 35, 4, 24, 13, 43, 15, 29, 44, 21, 50, 5, 34, 49, 46, 14, 28, 40, 45, 9, 33, 10, 30, 18, 6]","[22, 37, 2, 38, 11, 39, 12, 25, 3, 41]",[23]
5,"[45, 32, 34, 43, 26, 42, 46, 31, 39, 49, 35, 9, 4, 36, 28, 33, 38, 12, 20, 18, 6, 37, 29, 47, 22, 16, 7, 3, 25, 41, 48, 11, 27, 17, 14, 2, 10, 5, 1, 13]","[24, 8, 44, 30, 21, 15, 40, 19, 50]",[23]
1,"[40, 31, 7, 9, 8, 16, 11, 39, 23, 26, 5, 43, 42, 19, 13, 48, 38, 21, 34, 37, 3, 36, 35, 6, 44, 2, 22, 15, 41, 25, 12, 4, 17, 1, 32, 10, 50, 45, 30]","[27, 33, 46, 14, 20, 47, 28, 18, 29, 49]",[24]
2,"[20, 19, 27, 2, 3, 17, 15, 22, 23, 29, 32, 8, 45, 1, 31, 40, 10, 11, 35, 18, 21, 12, 30, 25, 33, 37, 49, 47, 50, 46, 28, 34, 39, 14, 44, 41, 26, 38, 6]","[43, 9, 4, 16, 48, 36, 42, 13, 7, 5]",[24]
3,"[19, 40, 22, 46, 48, 47, 50, 3, 20, 29, 39, 18, 37, 44, 43, 2, 13, 8, 21, 36, 28, 11, 15, 23, 25, 41, 9, 38, 5, 42, 4, 27, 49, 7, 12, 16, 14, 33, 30]","[45, 6, 1, 31, 35, 26, 32, 34, 10, 17]",[24]
4,"[4, 7, 30, 26, 40, 48, 45, 23, 21, 1, 6, 49, 13, 17, 16, 28, 33, 19, 18, 9, 31, 36, 27, 46, 35, 20, 29, 34, 5, 8, 50, 10, 32, 43, 15, 47, 14, 42, 44]","[39, 2, 22, 12, 3, 41, 11, 38, 25, 37]",[24]
5,"[35, 27, 22, 43, 26, 14, 39, 37, 7, 34, 25, 47, 31, 45, 1, 42, 36, 29, 2, 38, 49, 41, 3, 33, 9, 46, 18, 10, 48, 6, 32, 4, 11, 5, 16, 17, 28, 20, 12, 13]","[50, 44, 23, 21, 15, 40, 8, 30, 19]",[24]
1,"[40, 38, 31, 21, 9, 8, 19, 42, 34, 32, 11, 1, 12, 2, 16, 6, 5, 17, 36, 7, 10, 45, 13, 50, 15, 22, 44, 4, 41, 24, 26, 43, 23, 37, 48, 30, 3, 35, 39]","[33, 28, 49, 47, 20, 29, 18, 46, 14, 27]",[25]
2,"[14, 35, 41, 11, 39, 40, 30, 3, 23, 10, 34, 38, 46, 18, 26, 17, 31, 37, 28, 47, 8, 24, 45, 22, 50, 19, 20, 12, 44, 6, 32, 29, 2, 15, 27, 49, 33, 1, 21]","[9, 16, 48, 42, 7, 36, 43, 4, 13, 5]",[25]
3,"[43, 37, 41, 9, 46, 38, 47, 7, 24, 21, 20, 27, 11, 30, 33, 15, 3, 42, 4, 50, 40, 16, 14, 22, 13, 29, 5, 48, 19, 44, 12, 36, 18, 39, 28, 23, 49, 2, 8]","[34, 31, 1, 17, 10, 6, 32, 26, 35, 45]",[25]
4,"[34, 27, 26, 19, 17, 35, 15, 21, 6, 7, 14, 46, 48, 42, 13, 50, 8, 9, 23, 4, 45, 32, 16, 31, 10, 33, 47, 49, 43, 36, 40, 30, 29, 1, 28, 20, 18, 44, 5]","[37, 24, 39, 41, 12, 3, 22, 2, 38, 11]",[25]
5,"[41, 36, 4, 33, 35, 3, 17, 27, 29, 12, 13, 38, 26, 31, 45, 42, 43, 24, 47, 32, 46, 2, 10, 48, 9, 37, 39, 6, 1, 16, 11, 49, 5, 28, 18, 7, 22, 14, 20, 34]","[40, 15, 23, 21, 50, 30, 19, 44, 8]",[25]
1,"[2, 21, 5, 11, 48, 36, 9, 30, 17, 1, 25, 4, 40, 10, 23, 16, 19, 12, 34, 45, 41, 35, 42, 15, 39, 37, 7, 8, 3, 13, 38, 50, 44, 22, 24, 32, 43, 31, 6]","[33, 46, 47, 20, 29, 18, 49, 27, 14, 28]",[26]
2,"[21, 39, 44, 30, 29, 24, 34, 50, 32, 33, 20, 37, 14, 11, 22, 23, 47, 19, 17, 35, 18, 15, 3, 49, 46, 12, 31, 41, 25, 27, 6, 8, 2, 38, 40, 10, 45, 28, 1]","[9, 5, 16, 36, 42, 7, 13, 48, 43, 4]",[26]
3,"[19, 5, 33, 48, 39, 30, 40, 43, 41, 38, 42, 46, 14, 9, 36, 12, 29, 7, 23, 21, 20, 28, 37, 49, 8, 24, 16, 13, 22, 27, 50, 2, 18, 47, 3, 11, 44, 4, 15]","[34, 32, 6, 31, 25, 10, 17, 45, 35, 1]",[26]
4,"[50, 45, 33, 19, 35, 31, 7, 1, 16, 14, 40, 44, 30, 43, 6, 36, 4, 48, 20, 10, 18, 15, 21, 27, 29, 23, 49, 9, 32, 34, 28, 25, 47, 17, 8, 13, 5, 42, 46]","[2, 39, 37, 41, 11, 22, 24, 3, 12, 38]",[26]
5,"[37, 11, 12, 16, 36, 34, 5, 45, 31, 6, 35, 24, 25, 13, 14, 42, 18, 29, 2, 17, 3, 38, 43, 33, 48, 41, 7, 27, 32, 1, 22, 28, 20, 4, 10, 9, 46, 39, 49, 47]","[15, 44, 30, 50, 8, 19, 23, 40, 21]",[26]
1,"[50, 43, 32, 5, 15, 48, 36, 3, 42, 12, 9, 30, 17, 23, 38, 45, 8, 24, 13, 2, 25, 44, 40, 37, 34, 35, 31, 6, 22, 1, 39, 7, 16, 41, 21, 19, 10, 11, 4]","[46, 29, 28, 49, 47, 18, 33, 14, 20, 26]",[27]
2,"[17, 14, 50, 12, 23, 11, 26, 39, 8, 44, 20, 41, 6, 32, 28, 21, 15, 25, 33, 2, 38, 47, 1, 49, 46, 45, 35, 31, 30, 18, 3, 10, 40, 19, 37, 34, 24, 22, 29]","[7, 48, 9, 13, 43, 5, 16, 36, 42, 4]",[27]
3,"[48, 37, 29, 28, 8, 19, 3, 44, 24, 12, 14, 43, 49, 18, 16, 33, 5, 7, 47, 11, 15, 22, 50, 42, 36, 9, 40, 30, 21, 13, 23, 41, 26, 20, 38, 39, 46, 2, 4]","[45, 1, 17, 35, 32, 31, 10, 6, 34, 25]",[27]
4,"[5, 14, 18, 34, 40, 26, 16, 33, 4, 42, 20, 44, 31, 6, 45, 29, 15, 9, 8, 35, 30, 13, 1, 49, 50, 32, 21, 19, 10, 25, 48, 17, 23, 46, 36, 43, 28, 47, 7]","[37, 38, 11, 41, 2, 39, 3, 24, 12, 22]",[27]
5,"[5, 16, 32, 48, 25, 49, 41, 42, 29, 33, 37, 34, 10, 14, 47, 9, 22, 31, 43, 46, 26, 6, 38, 45, 12, 4, 18, 11, 17, 24, 39, 2, 13, 7, 35, 36, 1, 20, 28, 3]","[44, 15, 23, 8, 50, 21, 30, 40, 19]",[27]
1,"[19, 7, 15, 8, 48, 12, 2, 22, 11, 32, 40, 41, 24, 39, 36, 4, 45, 6, 1, 5, 50, 42, 17, 13, 37, 16, 10, 23, 38, 3, 35, 34, 9, 43, 31, 25, 30, 21, 44]","[27, 49, 29, 33, 46, 14, 20, 26, 47, 18]",[28]
2,"[6, 8, 31, 15, 33, 30, 27, 37, 34, 18, 23, 49, 26, 2, 25, 29, 38, 3, 21, 14, 35, 17, 22, 41, 50, 24, 19, 20, 11, 39, 47, 12, 32, 44, 1, 40, 10, 45, 46]","[9, 13, 42, 43, 7, 16, 5, 48, 4, 36]",[28]
3,"[24, 8, 19, 14, 33, 7, 39, 43, 20, 49, 18, 3, 23, 29, 40, 13, 2, 42, 41, 26, 48, 9, 5, 22, 21, 47, 37, 16, 12, 44, 46, 36, 4, 38, 15, 27, 50, 11, 30]","[45, 32, 6, 1, 25, 35, 10, 17, 34, 31]",[28]
4,"[5, 19, 9, 10, 20, 29, 46, 35, 36, 32, 21, 6, 40, 43, 7, 33, 18, 25, 50, 26, 16, 45, 27, 48, 13, 15, 34, 23, 42, 30, 14, 8, 31, 4, 17, 49, 1, 47, 44]","[11, 2, 12, 38, 22, 24, 39, 3, 37, 41]",[28]
5,"[48, 24, 3, 5, 17, 16, 7, 20, 46, 43, 12, 2, 39, 45, 11, 6, 14, 22, 18, 29, 32, 37, 42, 9, 36, 33, 10, 49, 47, 4, 31, 25, 38, 34, 41, 27, 35, 26, 13, 1]","[40, 8, 21, 23, 50, 19, 30, 44, 15]",[28]
1,"[7, 15, 22, 39, 4, 45, 31, 42, 5, 6, 38, 43, 40, 34, 44, 9, 1, 37, 48, 41, 50, 24, 12, 3, 30, 32, 8, 13, 19, 17, 21, 25, 23, 2, 10, 16, 36, 11, 35]","[18, 27, 28, 47, 26, 20, 49, 14, 33, 46]",[29]
2,"[3, 26, 44, 39, 21, 46, 25, 33, 41, 45, 24, 15, 28, 18, 40, 32, 23, 8, 1, 2, 47, 35, 6, 38, 22, 19, 12, 37, 31, 49, 14, 50, 11, 34, 17, 30, 20, 27, 10]","[4, 42, 43, 7, 9, 13, 36, 48, 5, 16]",[29]
3,"[13, 50, 28, 21, 38, 26, 36, 19, 11, 49, 2, 43, 48, 22, 16, 23, 41, 4, 42, 33, 20, 37, 14, 47, 5, 7, 24, 44, 18, 3, 9, 39, 12, 30, 15, 27, 40, 8, 46]","[31, 10, 32, 1, 45, 17, 25, 34, 35, 6]",[29]
4,"[6, 5, 10, 7, 26, 20, 21, 27, 25, 40, 45, 50, 13, 17, 31, 30, 47, 28, 43, 49, 18, 32, 19, 35, 36, 46, 8, 15, 33, 4, 1, 44, 42, 9, 48, 23, 34, 14, 16]","[22, 3, 12, 41, 2, 39, 24, 11, 38, 37]",[29]
5,"[14, 35, 39, 26, 49, 2, 16, 6, 47, 38, 22, 4, 17, 42, 25, 3, 18, 7, 46, 11, 27, 33, 1, 45, 24, 10, 48, 41, 28, 32, 34, 12, 13, 36, 31, 37, 20, 5, 9, 43]","[30, 21, 50, 23, 44, 15, 40, 19, 8]",[29]
1,"[50, 42, 5, 40, 4, 39, 21, 37, 25, 9, 22, 11, 44, 43, 1, 15, 34, 36, 41, 45, 8, 17, 2, 38, 32, 19, 13, 3, 35, 23, 24, 31, 7, 16, 29, 48, 12, 10, 6]","[28, 27, 18, 46, 14, 20, 47, 49, 26, 33]",[30]
2,"[18, 38, 26, 40, 29, 49, 47, 23, 3, 15, 21, 27, 31, 33, 32, 25, 50, 14, 6, 11, 24, 12, 2, 39, 17, 35, 8, 34, 44, 46, 37, 10, 28, 19, 45, 22, 1, 41, 20]","[4, 48, 5, 9, 16, 36, 43, 42, 7, 13]",[30]
3,"[48, 15, 23, 38, 43, 9, 2, 46, 7, 50, 18, 5, 36, 47, 19, 8, 13, 28, 26, 41, 21, 40, 14, 20, 22, 39, 33, 11, 24, 3, 16, 42, 44, 12, 29, 37, 49, 4, 27]","[1, 32, 25, 45, 10, 35, 6, 17, 34, 31]",[30]
4,"[18, 33, 44, 7, 6, 40, 34, 28, 25, 35, 1, 20, 19, 31, 32, 47, 46, 16, 36, 27, 23, 17, 43, 26, 48, 15, 42, 9, 4, 13, 29, 5, 14, 50, 10, 45, 8, 49, 21]","[24, 12, 3, 38, 37, 11, 22, 41, 39, 2]",[30]
5,"[41, 45, 6, 31, 4, 33, 43, 12, 48, 7, 27, 3, 9, 37, 5, 16, 49, 47, 38, 11, 20, 22, 14, 17, 42, 36, 34, 24, 28, 13, 46, 1, 2, 35, 32, 18, 25, 39, 26, 10]","[50, 8, 21, 44, 40, 29, 23, 19, 15]",[30]
1,"[24, 42, 2, 43, 12, 50, 41, 6, 10, 39, 23, 48, 19, 29, 38, 17, 11, 25, 4, 22, 7, 16, 45, 9, 36, 37, 44, 34, 40, 30, 5, 13, 8, 3, 32, 15, 1, 35, 21]","[26, 49, 20, 27, 28, 46, 33, 14, 47, 18]",[31]
2,"[37, 10, 21, 19, 12, 14, 25, 2, 22, 11, 29, 3, 45, 8, 26, 47, 24, 27, 46, 35, 30, 15, 6, 49, 28, 39, 33, 23, 18, 38, 41, 50, 1, 40, 17, 20, 44, 32, 34]","[13, 4, 48, 5, 16, 7, 43, 42, 9, 36]",[31]
3,"[18, 26, 33, 39, 38, 43, 47, 50, 15, 19, 11, 29, 27, 2, 37, 4, 7, 46, 8, 44, 48, 9, 13, 22, 12, 49, 14, 3, 28, 21, 5, 36, 20, 24, 23, 16, 40, 42, 41]","[10, 34, 6, 32, 45, 35, 30, 1, 17, 25]",[31]
4,"[49, 20, 6, 36, 23, 47, 19, 40, 26, 21, 9, 45, 1, 33, 5, 18, 28, 16, 30, 46, 14, 25, 32, 42, 34, 29, 15, 7, 43, 13, 50, 27, 44, 10, 4, 8, 48, 35, 17]","[39, 22, 41, 12, 38, 37, 2, 11, 24, 3]",[31]
5,"[20, 24, 38, 41, 12, 46, 17, 49, 13, 18, 11, 26, 39, 7, 36, 48, 33, 5, 4, 1, 32, 27, 2, 43, 30, 10, 34, 14, 22, 35, 42, 16, 37, 25, 47, 28, 9, 45, 3, 6]","[8, 15, 50, 19, 23, 40, 21, 29, 44]",[31]
1,"[34, 24, 6, 43, 38, 13, 42, 50, 35, 9, 36, 1, 4, 10, 11, 3, 29, 23, 44, 7, 15, 45, 19, 12, 16, 48, 8, 40, 39, 37, 2, 5, 17, 31, 25, 22, 41, 21, 30]","[49, 26, 14, 47, 28, 46, 20, 18, 27, 33]",[32]
2,"[18, 50, 24, 46, 44, 2, 49, 15, 20, 3, 17, 30, 33, 29, 38, 45, 6, 35, 31, 37, 19, 39, 1, 26, 11, 25, 34, 40, 10, 47, 23, 41, 8, 22, 27, 14, 12, 21, 28]","[9, 43, 13, 5, 36, 7, 16, 48, 4, 42]",[32]
3,"[19, 43, 18, 50, 9, 16, 47, 39, 46, 44, 22, 12, 15, 27, 48, 29, 41, 11, 40, 4, 21, 38, 36, 13, 23, 37, 26, 42, 3, 14, 28, 2, 24, 8, 20, 7, 33, 5, 49]","[35, 1, 31, 25, 10, 45, 6, 30, 17, 34]",[32]
4,"[28, 34, 10, 16, 13, 6, 46, 19, 14, 5, 43, 20, 7, 21, 8, 1, 35, 18, 15, 25, 17, 30, 50, 44, 47, 36, 48, 49, 45, 31, 29, 4, 9, 33, 42, 26, 23, 40, 27]","[24, 12, 2, 41, 22, 3, 11, 39, 38, 37]",[32]
5,"[16, 5, 47, 36, 18, 27, 9, 35, 39, 33, 7, 37, 1, 11, 4, 3, 30, 22, 31, 17, 34, 48, 26, 24, 12, 45, 2, 13, 10, 42, 38, 49, 43, 28, 41, 14, 25, 6, 46, 20]","[23, 40, 44, 19, 50, 29, 15, 21, 8]",[32]
1,"[8, 34, 15, 19, 21, 37, 12, 2, 6, 17, 16, 3, 23, 1, 48, 35, 31, 13, 45, 44, 41, 9, 11, 39, 7, 40, 43, 24, 50, 5, 22, 36, 42, 25, 38, 29, 10, 4, 30]","[49, 26, 18, 47, 27, 28, 20, 46, 14, 32]",[33]
2,"[31, 41, 14, 3, 10, 8, 35, 47, 18, 6, 34, 46, 17, 2, 49, 32, 21, 38, 19, 26, 15, 24, 37, 44, 22, 25, 40, 29, 30, 1, 11, 12, 50, 20, 45, 23, 28, 39, 27]","[36, 5, 16, 7, 13, 9, 42, 4, 43, 48]",[33]
3,"[4, 3, 13, 46, 44, 22, 2, 7, 16, 26, 14, 32, 42, 37, 28, 18, 12, 11, 29, 48, 24, 8, 27, 39, 49, 43, 15, 20, 21, 23, 38, 5, 50, 9, 19, 36, 41, 40, 47]","[17, 45, 30, 10, 6, 1, 25, 34, 35, 31]",[33]
4,"[34, 32, 50, 1, 26, 20, 17, 18, 29, 43, 8, 23, 7, 5, 21, 36, 6, 16, 42, 49, 27, 10, 28, 30, 13, 19, 25, 45, 31, 35, 4, 14, 44, 15, 48, 46, 9, 47, 40]","[22, 2, 37, 39, 3, 11, 12, 38, 41, 24]",[33]
5,"[45, 12, 43, 11, 34, 13, 3, 46, 27, 16, 9, 37, 48, 4, 32, 18, 6, 39, 49, 42, 35, 38, 31, 7, 47, 14, 5, 25, 22, 17, 28, 24, 30, 36, 26, 2, 10, 20, 41, 1]","[23, 21, 29, 8, 15, 44, 19, 40, 50]",[33]
1,"[21, 36, 15, 12, 43, 31, 24, 13, 30, 37, 5, 48, 10, 38, 33, 50, 9, 6, 3, 41, 7, 1, 16, 4, 8, 19, 40, 11, 39, 23, 35, 2, 17, 42, 22, 45, 25, 44, 29]","[32, 49, 27, 47, 14, 46, 20, 28, 18, 26]",[34]
2,"[25, 19, 29, 35, 3, 50, 26, 32, 41, 1, 6, 27, 12, 20, 10, 49, 40, 23, 11, 14, 17, 38, 33, 24, 15, 44, 45, 28, 37, 21, 18, 2, 39, 31, 47, 46, 22, 8, 30]","[13, 42, 36, 16, 9, 48, 4, 5, 7, 43]",[34]
3,"[24, 20, 32, 47, 8, 22, 44, 3, 4, 19, 37, 14, 15, 41, 27, 9, 7, 12, 42, 26, 39, 18, 50, 40, 36, 5, 38, 23, 49, 28, 13, 29, 11, 48, 2, 16, 46, 43, 21]","[33, 25, 31, 6, 1, 10, 30, 45, 17, 35]",[34]
4,"[26, 4, 27, 49, 8, 36, 31, 5, 45, 43, 9, 16, 1, 48, 40, 47, 35, 25, 21, 50, 42, 7, 20, 23, 46, 32, 17, 6, 33, 19, 13, 10, 15, 28, 30, 44, 29, 18, 14]","[3, 12, 37, 38, 39, 22, 41, 11, 2, 24]",[34]
5,"[38, 11, 22, 41, 6, 24, 45, 42, 17, 31, 25, 13, 37, 7, 10, 14, 43, 28, 16, 32, 49, 35, 27, 33, 48, 2, 47, 3, 30, 9, 26, 1, 12, 20, 36, 4, 5, 39, 18, 46]","[40, 50, 21, 19, 23, 8, 29, 15, 44]",[34]
1,"[17, 31, 9, 34, 7, 12, 8, 50, 45, 42, 41, 25, 33, 21, 1, 24, 48, 37, 2, 36, 4, 6, 5, 19, 23, 10, 29, 11, 38, 39, 3, 43, 13, 30, 16, 40, 15, 22, 44]","[20, 14, 28, 46, 18, 26, 47, 32, 27, 49]",[35]
2,"[32, 11, 14, 3, 31, 2, 46, 38, 30, 8, 39, 34, 1, 40, 19, 29, 45, 12, 49, 24, 6, 28, 17, 18, 50, 47, 26, 37, 21, 41, 15, 33, 20, 10, 44, 23, 27, 22, 25]","[42, 36, 48, 5, 43, 13, 7, 4, 9, 16]",[35]
3,"[27, 7, 36, 22, 24, 5, 39, 32, 38, 48, 18, 4, 47, 11, 49, 29, 2, 8, 19, 28, 43, 37, 20, 23, 40, 44, 15, 42, 12, 50, 14, 41, 16, 26, 21, 13, 3, 46, 9]","[17, 33, 31, 30, 10, 6, 34, 25, 45, 1]",[35]
4,"[5, 42, 28, 32, 8, 27, 14, 36, 21, 1, 40, 9, 10, 31, 4, 49, 47, 26, 19, 45, 6, 33, 44, 25, 43, 48, 46, 23, 15, 50, 34, 16, 20, 13, 17, 29, 7, 18, 30]","[41, 12, 37, 39, 2, 38, 24, 11, 22, 3]",[35]
5,"[36, 27, 43, 39, 30, 2, 38, 49, 17, 13, 48, 20, 3, 26, 33, 16, 4, 24, 6, 25, 22, 37, 12, 47, 28, 31, 5, 45, 32, 11, 41, 9, 34, 7, 18, 1, 42, 46, 14, 10]","[15, 29, 23, 19, 8, 40, 44, 21, 50]",[35]
1,"[7, 17, 2, 3, 40, 43, 4, 34, 24, 19, 25, 42, 10, 15, 29, 50, 31, 48, 1, 39, 8, 45, 23, 38, 22, 35, 33, 37, 12, 13, 6, 5, 9, 11, 30, 44, 21, 41, 16]","[32, 18, 26, 14, 28, 20, 49, 46, 47, 27]",[36]
2,"[15, 49, 34, 23, 2, 40, 28, 47, 12, 32, 25, 39, 30, 19, 26, 37, 20, 3, 10, 41, 38, 17, 11, 27, 24, 1, 14, 31, 18, 50, 21, 6, 45, 22, 46, 8, 44, 33, 29]","[9, 48, 43, 42, 35, 7, 4, 13, 5, 16]",[36]
3,"[48, 46, 3, 38, 24, 8, 41, 22, 44, 5, 42, 28, 16, 2, 47, 7, 19, 49, 37, 43, 12, 40, 29, 27, 9, 11, 35, 32, 18, 15, 4, 50, 14, 13, 23, 39, 21, 20, 26]","[17, 6, 31, 45, 25, 34, 10, 30, 33, 1]",[36]
4,"[28, 7, 46, 1, 21, 44, 14, 18, 8, 30, 42, 20, 35, 25, 33, 15, 32, 10, 23, 13, 50, 5, 27, 40, 31, 17, 45, 16, 49, 9, 47, 4, 48, 6, 34, 43, 29, 26, 19]","[24, 3, 22, 2, 37, 38, 12, 41, 39, 11]",[36]
5,"[25, 30, 6, 48, 41, 5, 38, 12, 27, 14, 4, 34, 35, 45, 26, 10, 46, 33, 9, 49, 16, 7, 42, 13, 32, 18, 3, 22, 1, 11, 28, 43, 20, 37, 39, 17, 24, 2, 31, 47]","[21, 19, 23, 44, 29, 40, 8, 50, 15]",[36]
1,"[36, 12, 31, 11, 35, 30, 15, 29, 4, 9, 43, 3, 24, 39, 5, 1, 13, 33, 25, 44, 40, 19, 41, 10, 50, 7, 8, 21, 22, 34, 2, 6, 42, 17, 23, 38, 16, 48, 45]","[20, 14, 46, 26, 28, 18, 27, 49, 47, 32]",[37]
2,"[10, 1, 50, 30, 44, 2, 24, 26, 28, 39, 29, 34, 17, 33, 40, 15, 18, 32, 47, 31, 27, 12, 23, 46, 25, 49, 14, 8, 6, 21, 38, 45, 22, 11, 19, 41, 36, 20, 3]","[42, 16, 48, 9, 13, 43, 7, 35, 5, 4]",[37]
3,"[36, 14, 46, 49, 41, 24, 9, 8, 7, 18, 50, 22, 38, 16, 26, 20, 28, 2, 5, 40, 21, 11, 3, 47, 42, 43, 48, 44, 4, 15, 23, 35, 29, 27, 19, 13, 32, 39, 12]","[10, 1, 31, 6, 17, 33, 45, 25, 34, 30]",[37]
4,"[17, 6, 42, 18, 21, 14, 48, 8, 31, 32, 1, 19, 47, 10, 43, 46, 44, 34, 4, 49, 40, 27, 33, 23, 28, 25, 13, 45, 50, 9, 7, 20, 26, 35, 30, 5, 29, 15, 16]","[11, 12, 38, 36, 3, 39, 41, 2, 22, 24]",[37]
5,"[26, 11, 4, 48, 14, 45, 17, 10, 3, 2, 5, 27, 16, 13, 43, 34, 42, 18, 39, 31, 20, 30, 24, 7, 1, 9, 25, 32, 28, 6, 38, 46, 47, 41, 35, 36, 49, 22, 33, 12]","[23, 21, 15, 44, 19, 50, 40, 8, 29]",[37]
1,"[5, 41, 8, 19, 21, 25, 48, 16, 1, 40, 39, 24, 37, 15, 12, 2, 50, 44, 13, 6, 35, 7, 10, 42, 36, 30, 29, 17, 33, 45, 9, 22, 34, 4, 3, 23, 31, 11, 43]","[14, 49, 26, 47, 46, 20, 32, 18, 27, 28]",[38]
2,"[8, 31, 50, 41, 20, 22, 49, 6, 10, 37, 26, 14, 23, 47, 15, 33, 45, 34, 19, 27, 21, 3, 39, 32, 1, 46, 44, 12, 17, 2, 40, 28, 36, 25, 24, 30, 29, 18, 11]","[9, 43, 16, 7, 4, 48, 5, 35, 42, 13]",[38]
3,"[36, 37, 43, 14, 19, 8, 39, 49, 29, 35, 3, 7, 9, 12, 27, 21, 42, 18, 16, 11, 20, 5, 44, 47, 41, 48, 50, 15, 26, 23, 24, 32, 4, 2, 13, 28, 40, 22, 46]","[17, 31, 34, 33, 30, 1, 10, 6, 45, 25]",[38]
4,"[30, 4, 43, 47, 8, 25, 23, 29, 34, 42, 17, 5, 9, 28, 27, 18, 46, 32, 10, 1, 7, 31, 40, 49, 14, 44, 13, 33, 15, 19, 6, 45, 35, 48, 26, 21, 16, 50, 20]","[3, 12, 39, 22, 41, 11, 37, 24, 36, 2]",[38]
5,"[17, 24, 45, 20, 42, 12, 37, 14, 6, 22, 9, 25, 10, 39, 36, 30, 27, 3, 46, 7, 4, 26, 28, 35, 11, 13, 32, 5, 34, 16, 1, 2, 48, 47, 18, 43, 33, 31, 49, 41]","[44, 23, 21, 15, 50, 19, 29, 8, 40]",[38]
1,"[33, 13, 1, 30, 19, 21, 17, 15, 12, 40, 48, 45, 3, 8, 2, 42, 7, 11, 36, 34, 29, 16, 25, 35, 4, 43, 38, 6, 9, 10, 50, 22, 37, 23, 31, 41, 5, 44, 24]","[14, 49, 20, 47, 32, 26, 46, 28, 27, 18]",[39]
2,"[10, 8, 25, 37, 6, 34, 20, 50, 21, 19, 32, 23, 30, 14, 11, 45, 40, 31, 29, 12, 15, 18, 26, 41, 1, 44, 38, 33, 46, 2, 36, 28, 47, 17, 27, 3, 24, 49, 22]","[35, 42, 4, 5, 13, 16, 9, 43, 7, 48]",[39]
3,"[19, 5, 16, 40, 13, 38, 9, 20, 4, 49, 18, 28, 24, 47, 12, 32, 48, 23, 41, 44, 43, 7, 2, 36, 35, 29, 26, 42, 14, 37, 27, 15, 8, 46, 3, 50, 21, 22, 11]","[10, 1, 33, 31, 17, 34, 6, 25, 30, 45]",[39]
4,"[34, 21, 9, 32, 33, 7, 26, 35, 43, 19, 8, 45, 49, 23, 13, 31, 28, 20, 17, 42, 5, 50, 10, 46, 4, 48, 16, 29, 40, 30, 47, 15, 27, 18, 6, 14, 1, 44, 25]","[41, 12, 38, 22, 3, 36, 11, 2, 24, 37]",[39]
5,"[46, 22, 2, 13, 34, 27, 7, 18, 43, 6, 1, 11, 48, 4, 10, 14, 16, 38, 41, 36, 28, 37, 33, 26, 35, 31, 45, 24, 3, 20, 47, 12, 5, 30, 17, 9, 49, 25, 32, 42]","[40, 8, 44, 50, 15, 29, 19, 21, 23]",[39]
1,"[8, 39, 42, 24, 7, 3, 9, 1, 45, 30, 38, 6, 31, 48, 36, 44, 22, 29, 35, 2, 41, 23, 15, 5, 4, 50, 43, 12, 13, 11, 21, 16, 37, 17, 10, 33, 25, 34, 19]","[27, 14, 49, 32, 20, 47, 26, 46, 18, 28]",[40]
2,"[44, 23, 17, 19, 36, 38, 29, 28, 18, 14, 15, 25, 10, 21, 26, 45, 41, 34, 49, 24, 37, 11, 22, 31, 47, 20, 8, 33, 30, 39, 1, 27, 46, 6, 2, 3, 12, 32, 50]","[16, 43, 9, 42, 13, 35, 48, 5, 7, 4]",[40]
3,"[29, 28, 16, 5, 2, 20, 9, 8, 26, 32, 27, 43, 23, 44, 38, 13, 42, 35, 37, 49, 3, 21, 24, 4, 22, 48, 7, 36, 39, 15, 50, 14, 11, 19, 12, 18, 41, 46, 47]","[17, 31, 33, 1, 30, 6, 10, 34, 45, 25]",[40]
4,"[5, 21, 13, 26, 50, 17, 32, 46, 31, 15, 44, 20, 9, 25, 1, 19, 47, 23, 7, 35, 10, 49, 29, 6, 45, 27, 8, 16, 18, 4, 42, 39, 30, 33, 48, 28, 34, 43, 14]","[41, 12, 24, 2, 36, 37, 3, 11, 38, 22]",[40]
5,"[43, 36, 4, 22, 47, 26, 11, 31, 1, 18, 42, 3, 16, 2, 10, 48, 45, 17, 9, 14, 37, 27, 38, 6, 35, 25, 41, 34, 7, 32, 12, 5, 30, 46, 33, 20, 49, 13, 28, 24]","[29, 19, 50, 39, 15, 21, 44, 8, 23]",[40]
1,"[13, 8, 25, 29, 30, 44, 3, 23, 45, 12, 2, 37, 10, 9, 34, 4, 15, 33, 50, 38, 39, 24, 21, 19, 17, 7, 1, 43, 11, 31, 35, 36, 6, 42, 5, 16, 22, 48, 40]","[49, 26, 32, 14, 20, 27, 18, 28, 46, 47]",[41]
2,"[6, 49, 3, 33, 27, 20, 12, 30, 32, 8, 40, 14, 38, 34, 46, 19, 18, 37, 2, 50, 31, 1, 47, 26, 22, 39, 17, 29, 23, 10, 25, 45, 28, 24, 36, 15, 21, 44, 11]","[43, 16, 4, 35, 13, 48, 9, 7, 42, 5]",[41]
3,"[14, 28, 12, 27, 7, 38, 18, 22, 32, 13, 19, 35, 23, 3, 24, 15, 37, 4, 20, 16, 5, 8, 43, 40, 26, 44, 48, 39, 50, 49, 36, 9, 11, 21, 42, 47, 2, 29, 46]","[45, 30, 17, 6, 34, 31, 10, 25, 33, 1]",[41]
4,"[13, 30, 33, 46, 23, 29, 32, 26, 31, 20, 34, 39, 35, 49, 17, 45, 10, 6, 1, 50, 15, 43, 9, 21, 7, 42, 28, 19, 16, 25, 44, 8, 48, 47, 4, 18, 5, 27, 14]","[11, 40, 37, 3, 36, 12, 38, 24, 2, 22]",[41]
5,"[16, 34, 24, 26, 12, 13, 28, 31, 37, 48, 25, 11, 10, 2, 22, 35, 45, 32, 14, 17, 18, 5, 1, 47, 9, 30, 7, 46, 43, 49, 38, 42, 27, 3, 6, 4, 36, 33, 20, 40]","[50, 44, 21, 23, 15, 19, 29, 8, 39]",[41]
1,"[5, 40, 11, 30, 24, 17, 33, 36, 16, 37, 15, 3, 44, 25, 2, 21, 23, 29, 45, 4, 48, 34, 7, 22, 31, 10, 38, 8, 43, 6, 39, 41, 35, 19, 1, 9, 50, 13, 12]","[18, 28, 26, 49, 14, 27, 32, 47, 46, 20]",[42]
2,"[17, 19, 8, 50, 49, 36, 24, 1, 34, 15, 11, 37, 32, 29, 3, 20, 39, 46, 6, 18, 44, 25, 21, 40, 22, 12, 28, 30, 31, 26, 27, 10, 2, 38, 33, 14, 23, 47, 45]","[43, 7, 9, 16, 48, 5, 4, 41, 35, 13]",[42]
3,"[14, 26, 18, 47, 4, 23, 7, 13, 32, 37, 46, 12, 16, 29, 43, 19, 5, 35, 36, 44, 28, 15, 3, 40, 38, 22, 9, 48, 11, 8, 27, 2, 41, 20, 50, 49, 24, 21, 39]","[1, 6, 25, 31, 10, 17, 30, 33, 45, 34]",[42]
4,"[20, 17, 7, 46, 34, 39, 1, 43, 31, 25, 47, 13, 50, 48, 45, 35, 4, 8, 33, 9, 16, 18, 29, 14, 23, 30, 26, 27, 32, 10, 6, 49, 21, 41, 15, 44, 28, 19, 5]","[12, 22, 40, 24, 11, 38, 2, 37, 36, 3]",[42]
5,"[45, 16, 13, 32, 41, 36, 5, 40, 27, 9, 35, 3, 26, 34, 49, 43, 6, 7, 31, 33, 28, 37, 4, 24, 17, 20, 46, 18, 22, 14, 38, 12, 2, 1, 10, 47, 30, 25, 11, 48]","[19, 50, 44, 39, 29, 8, 21, 23, 15]",[42]
1,"[23, 42, 15, 11, 10, 35, 4, 41, 48, 36, 3, 1, 16, 50, 22, 17, 29, 39, 21, 24, 6, 34, 40, 30, 5, 25, 12, 38, 9, 2, 44, 37, 7, 19, 8, 33, 45, 31, 13]","[49, 20, 26, 47, 27, 18, 28, 46, 32, 14]",[43]
2,"[34, 30, 17, 18, 12, 31, 26, 36, 40, 29, 33, 45, 32, 10, 28, 23, 47, 2, 22, 1, 27, 11, 8, 38, 6, 37, 50, 24, 49, 25, 19, 20, 3, 44, 21, 46, 39, 15, 14]","[35, 7, 16, 41, 13, 9, 5, 42, 48, 4]",[43]
3,"[29, 4, 36, 9, 18, 14, 24, 28, 13, 27, 26, 38, 19, 46, 35, 49, 15, 2, 47, 32, 20, 42, 50, 39, 41, 23, 3, 22, 37, 12, 7, 8, 44, 48, 40, 16, 11, 5, 21]","[17, 30, 25, 6, 45, 1, 33, 34, 10, 31]",[43]
4,"[23, 49, 18, 35, 46, 4, 8, 6, 48, 31, 16, 33, 30, 9, 29, 27, 44, 39, 34, 21, 19, 20, 14, 45, 25, 42, 41, 13, 15, 47, 50, 32, 5, 1, 28, 7, 17, 10, 26]","[12, 3, 24, 40, 38, 22, 2, 11, 37, 36]",[43]
5,"[24, 37, 28, 11, 47, 10, 5, 30, 7, 9, 26, 6, 17, 42, 40, 3, 33, 12, 36, 16, 31, 34, 25, 32, 27, 1, 4, 20, 35, 41, 49, 46, 45, 2, 13, 18, 22, 48, 38, 14]","[15, 50, 29, 39, 19, 8, 21, 23, 44]",[43]
1,"[8, 16, 11, 24, 10, 34, 38, 48, 4, 30, 39, 5, 9, 19, 12, 45, 13, 35, 33, 7, 29, 2, 21, 3, 1, 15, 41, 42, 6, 40, 25, 17, 37, 23, 22, 43, 50, 36, 31]","[27, 20, 28, 26, 49, 46, 14, 47, 32, 18]",[44]
2,"[1, 3, 27, 12, 37, 34, 38, 2, 33, 25, 29, 20, 30, 49, 10, 39, 26, 8, 43, 50, 28, 40, 11, 15, 23, 47, 22, 17, 14, 31, 19, 36, 32, 24, 21, 46, 45, 18, 6]","[48, 41, 4, 42, 16, 35, 7, 9, 5, 13]",[44]
3,"[29, 16, 19, 43, 26, 11, 9, 2, 5, 24, 39, 3, 41, 32, 7, 47, 15, 27, 21, 28, 38, 4, 14, 42, 20, 49, 40, 18, 35, 22, 8, 36, 23, 12, 48, 50, 13, 37, 46]","[30, 45, 1, 25, 33, 34, 10, 17, 6, 31]",[44]
4,"[8, 21, 18, 23, 4, 19, 9, 17, 10, 34, 33, 29, 42, 41, 20, 15, 7, 43, 32, 27, 45, 35, 26, 30, 28, 49, 39, 5, 50, 16, 1, 47, 25, 48, 14, 13, 46, 31, 6]","[12, 40, 37, 3, 2, 24, 38, 22, 36, 11]",[44]
5,"[36, 11, 1, 25, 38, 5, 33, 4, 9, 41, 26, 49, 35, 32, 31, 12, 13, 10, 48, 7, 40, 42, 45, 34, 30, 6, 28, 3, 14, 46, 20, 16, 22, 17, 47, 2, 24, 37, 18, 27]","[43, 8, 15, 21, 50, 23, 39, 19, 29]",[44]
1,"[12, 42, 17, 2, 36, 29, 50, 19, 3, 6, 5, 30, 35, 4, 41, 13, 43, 39, 7, 16, 38, 1, 33, 22, 48, 44, 34, 25, 10, 40, 31, 8, 11, 37, 23, 15, 9, 24, 21]","[18, 32, 46, 28, 49, 47, 26, 27, 20, 14]",[45]
2,"[21, 17, 11, 36, 18, 47, 50, 14, 39, 44, 30, 49, 43, 3, 29, 37, 33, 20, 6, 24, 38, 26, 19, 32, 25, 1, 31, 12, 10, 28, 22, 23, 34, 8, 2, 46, 27, 15, 40]","[13, 7, 4, 42, 41, 48, 35, 9, 5, 16]",[45]
3,"[48, 23, 8, 42, 19, 40, 35, 18, 36, 46, 7, 50, 28, 26, 14, 11, 37, 29, 9, 2, 43, 12, 15, 24, 22, 32, 5, 4, 13, 27, 39, 49, 38, 21, 41, 16, 20, 47, 3]","[17, 44, 25, 30, 1, 6, 34, 10, 31, 33]",[45]
4,"[16, 29, 32, 19, 10, 6, 9, 49, 8, 15, 28, 13, 39, 25, 44, 17, 34, 18, 41, 21, 42, 7, 43, 27, 33, 14, 26, 20, 31, 1, 4, 23, 47, 30, 5, 50, 46, 35, 48]","[40, 2, 3, 12, 38, 37, 36, 24, 22, 11]",[45]
5,"[16, 26, 25, 33, 35, 28, 13, 27, 6, 10, 40, 9, 5, 24, 34, 44, 3, 30, 7, 32, 42, 11, 20, 4, 48, 14, 46, 2, 17, 37, 38, 36, 22, 12, 47, 49, 41, 18, 31, 1]","[50, 19, 23, 43, 29, 21, 8, 39, 15]",[45]
1,"[11, 23, 43, 8, 6, 17, 37, 4, 22, 41, 15, 3, 25, 29, 35, 1, 34, 42, 30, 33, 9, 50, 2, 48, 39, 24, 31, 13, 10, 21, 19, 38, 44, 40, 12, 7, 5, 36, 16]","[32, 26, 49, 28, 47, 18, 20, 27, 45, 14]",[46]
2,"[47, 3, 6, 36, 18, 2, 40, 20, 31, 8, 29, 10, 43, 21, 37, 34, 32, 1, 33, 38, 22, 14, 11, 24, 49, 26, 30, 39, 19, 27, 23, 50, 25, 15, 12, 17, 28, 44, 45]","[7, 5, 13, 48, 35, 9, 16, 42, 41, 4]",[46]
3,"[45, 20, 27, 39, 29, 28, 23, 26, 7, 12, 18, 19, 35, 37, 40, 47, 14, 9, 24, 2, 4, 49, 43, 42, 11, 13, 5, 32, 16, 21, 48, 50, 36, 3, 8, 41, 38, 15, 22]","[33, 34, 17, 44, 10, 30, 6, 31, 25, 1]",[46]
4,"[29, 41, 26, 44, 9, 39, 35, 25, 33, 43, 17, 49, 15, 28, 45, 30, 6, 47, 19, 42, 16, 21, 50, 8, 14, 1, 5, 31, 32, 7, 13, 34, 20, 48, 4, 23, 27, 10, 18]","[37, 38, 11, 40, 36, 24, 2, 12, 3, 22]",[46]
5,"[40, 9, 44, 25, 30, 38, 35, 24, 27, 28, 34, 45, 47, 5, 10, 2, 18, 17, 6, 41, 49, 48, 4, 14, 32, 12, 31, 13, 42, 16, 1, 22, 3, 7, 20, 36, 11, 37, 26, 33]","[23, 19, 21, 50, 8, 15, 29, 43, 39]",[46]
1,"[36, 40, 44, 6, 5, 38, 22, 50, 33, 37, 3, 11, 12, 19, 17, 10, 29, 24, 4, 15, 13, 34, 25, 9, 30, 48, 23, 41, 1, 8, 7, 2, 35, 16, 39, 43, 31, 42, 21]","[26, 28, 27, 20, 14, 18, 32, 46, 45, 49]",[47]
2,"[15, 31, 37, 46, 2, 49, 45, 11, 28, 50, 20, 40, 39, 24, 34, 32, 25, 27, 33, 43, 1, 22, 44, 30, 14, 21, 19, 18, 3, 29, 17, 26, 38, 36, 6, 12, 10, 23, 8]","[9, 13, 48, 16, 4, 5, 7, 42, 35, 41]",[47]
3,"[8, 38, 18, 29, 27, 46, 5, 19, 4, 50, 15, 43, 37, 14, 9, 40, 21, 49, 26, 35, 7, 48, 20, 36, 16, 32, 45, 2, 11, 23, 22, 24, 28, 13, 3, 12, 42, 41, 39]","[33, 31, 10, 1, 25, 34, 44, 17, 6, 30]",[47]
4,"[13, 39, 29, 48, 18, 30, 17, 19, 5, 20, 34, 32, 42, 14, 28, 43, 6, 21, 23, 15, 50, 41, 25, 4, 8, 45, 9, 16, 49, 1, 46, 27, 7, 10, 44, 33, 35, 31, 26]","[24, 40, 12, 11, 3, 37, 22, 38, 36, 2]",[47]
5,"[42, 4, 33, 44, 46, 12, 11, 40, 2, 30, 34, 7, 41, 37, 14, 27, 9, 3, 22, 13, 45, 24, 32, 10, 20, 17, 28, 5, 36, 6, 26, 16, 48, 49, 25, 38, 31, 18, 35, 1]","[43, 15, 50, 39, 21, 19, 29, 8, 23]",[47]
1,"[30, 5, 29, 4, 42, 41, 6, 11, 40, 16, 25, 44, 33, 1, 31, 24, 34, 23, 21, 47, 12, 22, 10, 50, 38, 35, 7, 17, 19, 13, 8, 2, 43, 9, 3, 39, 36, 15, 37]","[27, 49, 20, 14, 26, 46, 18, 45, 28, 32]",[48]
2,"[49, 25, 18, 50, 29, 11, 45, 46, 32, 17, 1, 28, 20, 30, 6, 40, 33, 8, 37, 23, 34, 39, 19, 36, 3, 44, 43, 26, 12, 2, 22, 27, 15, 24, 38, 31, 14, 10, 21]","[13, 47, 9, 35, 4, 5, 7, 42, 41, 16]",[48]
3,"[47, 41, 40, 14, 36, 16, 45, 7, 22, 11, 19, 49, 43, 27, 28, 21, 3, 46, 15, 29, 18, 20, 39, 9, 4, 24, 38, 42, 26, 35, 32, 50, 5, 8, 2, 23, 13, 12, 37]","[10, 34, 33, 30, 25, 6, 17, 31, 1, 44]",[48]
4,"[16, 26, 1, 46, 15, 32, 47, 30, 10, 25, 9, 5, 50, 45, 44, 27, 33, 18, 14, 39, 28, 43, 31, 19, 49, 29, 42, 20, 6, 21, 8, 23, 35, 34, 7, 17, 41, 13, 4]","[3, 40, 11, 12, 38, 2, 37, 22, 24, 36]",[48]
5,"[5, 33, 24, 28, 2, 31, 41, 20, 10, 17, 32, 14, 40, 4, 34, 3, 9, 47, 25, 13, 37, 38, 36, 22, 30, 27, 7, 11, 26, 35, 42, 46, 16, 6, 12, 45, 44, 49, 18, 1]","[8, 19, 29, 43, 39, 50, 15, 21, 23]",[48]
1,"[16, 35, 33, 2, 15, 7, 40, 39, 8, 9, 17, 38, 42, 29, 12, 5, 36, 13, 24, 25, 6, 1, 10, 37, 47, 22, 41, 34, 30, 43, 21, 31, 11, 23, 19, 44, 3, 4, 50]","[14, 27, 32, 26, 46, 18, 45, 28, 20, 48]",[49]
2,"[11, 6, 45, 19, 10, 38, 50, 17, 21, 36, 37, 44, 18, 33, 39, 40, 31, 12, 29, 34, 23, 48, 20, 24, 28, 1, 27, 32, 15, 43, 2, 22, 46, 14, 26, 8, 3, 30, 25]","[7, 16, 4, 13, 5, 47, 41, 9, 42, 35]",[49]
3,"[36, 16, 43, 19, 48, 7, 22, 12, 15, 37, 4, 8, 11, 32, 9, 28, 26, 14, 46, 18, 23, 42, 38, 3, 29, 45, 39, 50, 5, 13, 24, 40, 27, 20, 47, 21, 35, 41, 2]","[34, 33, 30, 1, 25, 44, 6, 31, 17, 10]",[49]
4,"[48, 32, 50, 39, 7, 10, 44, 31, 15, 41, 34, 9, 21, 5, 47, 20, 23, 46, 16, 28, 6, 4, 17, 42, 19, 13, 27, 45, 30, 33, 43, 35, 8, 14, 18, 1, 26, 29, 25]","[2, 38, 40, 24, 12, 11, 37, 36, 3, 22]",[49]
5,"[13, 42, 10, 2, 38, 18, 16, 11, 35, 1, 33, 26, 7, 24, 40, 28, 4, 37, 48, 6, 41, 5, 36, 31, 47, 3, 32, 27, 45, 25, 34, 12, 44, 9, 22, 14, 30, 17, 46, 20]","[50, 19, 21, 43, 39, 8, 23, 15, 29]",[49]
1,"[29, 41, 3, 33, 5, 39, 43, 42, 34, 9, 24, 7, 23, 47, 31, 35, 21, 12, 1, 25, 36, 17, 10, 49, 2, 40, 13, 15, 22, 4, 19, 8, 37, 11, 44, 6, 38, 30, 16]","[20, 28, 32, 46, 48, 26, 14, 45, 18, 27]",[50]
2,"[29, 28, 36, 10, 38, 1, 17, 2, 15, 3, 26, 6, 30, 44, 25, 39, 43, 27, 33, 32, 22, 11, 19, 8, 34, 48, 45, 12, 46, 37, 31, 21, 18, 23, 24, 40, 14, 20, 49]","[42, 41, 9, 5, 7, 13, 35, 47, 4, 16]",[50]
3,"[22, 49, 28, 16, 43, 32, 38, 20, 21, 13, 19, 36, 46, 48, 4, 37, 35, 41, 23, 15, 47, 8, 24, 42, 9, 39, 40, 5, 27, 18, 29, 12, 11, 7, 45, 3, 14, 2, 26]","[30, 33, 44, 31, 6, 34, 1, 25, 17, 10]",[50]
4,"[17, 8, 16, 46, 1, 47, 26, 42, 39, 32, 23, 5, 13, 30, 9, 4, 25, 15, 43, 48, 31, 6, 29, 20, 34, 27, 49, 19, 10, 35, 21, 44, 7, 14, 45, 28, 41, 18, 33]","[24, 2, 37, 40, 38, 11, 3, 12, 22, 36]",[50]
5,"[46, 13, 25, 42, 27, 28, 34, 16, 5, 32, 4, 35, 12, 30, 45, 7, 38, 2, 47, 18, 44, 36, 26, 11, 20, 24, 37, 10, 3, 14, 1, 41, 6, 40, 31, 33, 17, 22, 48, 9]","[29, 39, 19, 43, 8, 15, 23, 49, 21]",[50]
